rdate,rhour,central_western,eastern,kwun_tong,sham_shui_po,kwai_chung,tsuen_wan,tseung_kwan_o,yuen_long,tuen_mun,tung_chung,tai_po,shatin,tap_mun,causeway_bay,central,mong_kok
2017-05-01,01,6,6,5,6,4,4,5,4,5,5,5,4,3,6,5,6
2017-05-01,02,6,6,5,6,5,4,4,4,5,5,5,4,3,6,5,6
2017-05-01,03,6,6,5,6,5,5,4,4,5,5,5,4,3,6,5,6
2017-05-01,04,6,5,5,5,5,5,4,4,5,5,5,4,3,5,5,5
2017-05-01,05,6,5,5,5,5,5,4,5,5,4,5,4,3,5,5,5
2017-05-01,06,5,5,5,5,5,4,4,4,5,4,5,4,3,5,5,5
2017-05-01,07,5,5,5,5,5,4,4,4,5,4,5,3,3,5,5,5
2017-05-01,08,5,5,5,5,4,4,4,4,5,5,5,4,3,5,5,5
2017-05-01,09,5,5,5,5,4,4,5,4,5,5,5,4,3,5,5,5
2017-05-01,10,5,5,5,5,5,5,5,4,5,5,5,5,4,5,5,5
2017-05-01,11,5,5,4,5,5,5,5,4,5,5,5,5,5,5,5,5
2017-05-01,12,5,5,4,5,5,5,5,5,5,5,5,5,5,5,5,5
2017-05-01,13,5,5,4,5,5,5,5,5,5,5,5,5,5,5,5,5
2017-05-01,14,5,5,4,5,5,5,5,5,5,5,5,5,5,5,5,5
2017-05-01,15,5,5,4,5,5,5,5,5,5,4,5,5,5,5,4,5
2017-05-01,16,4,5,4,5,4,5,5,5,5,4,5,5,5,5,4,5
2017-05-01,17,4,5,4,4,4,4,5,4,5,4,5,5,5,5,4,5
2017-05-01,18,4,5,4,4,4,4,5,4,4,4,5,5,5,5,4,5
2017-05-01,19,4,5,4,4,4,4,5,4,4,4,4,4,5,5,4,5
2017-05-01,20,4,5,4,4,4,4,5,4,4,4,4,4,4,5,4,5
2017-05-01,21,4,5,4,4,4,4,5,4,4,4,4,4,4,5,4,5
2017-05-01,22,4,5,4,4,4,4,5,4,4,4,4,4,4,4,4,5
2017-05-01,23,4,5,4,4,4,4,4,3,4,4,4,4,4,4,4,4
2017-05-01,24,4,4,4,4,4,3,4,3,4,4,4,3,3,4,4,4
2017-05-02,01,4,4,3,4,3,3,4,3,4,3,4,3,3,3,4,4
2017-05-02,02,3,4,3,3,3,3,3,3,3,3,4,3,2,3,3,3
2017-05-02,03,3,3,3,3,3,3,3,3,3,3,3,3,2,3,3,3
2017-05-02,04,3,3,3,3,3,3,3,3,3,3,3,3,2,3,3,3
2017-05-02,05,3,3,3,3,3,3,3,3,3,3,3,3,2,3,3,3
2017-05-02,06,3,3,3,3,3,2,3,3,3,3,3,2,2,3,3,3
2017-05-02,07,3,3,3,3,3,2,3,3,3,3,3,2,2,3,3,3
2017-05-02,08,3,3,3,3,3,3,3,2,3,3,3,3,2,3,3,3
2017-05-02,09,3,3,3,3,3,3,3,3,3,3,3,3,2,4,3,3
2017-05-02,10,3,3,3,3,3,3,3,3,3,3,3,3,3,4,3,3
2017-05-02,11,3,3,3,3,3,3,3,3,3,3,3,3,3,4,3,3
2017-05-02,12,3,3,3,3,3,3,3,3,3,3,3,3,3,4,4,3
2017-05-02,13,3,3,3,3,3,3,3,3,3,3,3,3,3,5,4,3
2017-05-02,14,3,3,3,3,3,3,3,3,3,3,3,3,3,5,4,4
2017-05-02,15,3,3,3,3,3,3,3,3,3,3,3,3,3,5,4,4
2017-05-02,16,3,3,3,3,4,3,3,3,3,3,3,3,3,5,3,4
2017-05-02,17,3,3,3,3,3,3,3,3,3,3,3,3,3,4,3,4
2017-05-02,18,3,3,3,3,3,3,3,3,3,3,3,3,3,4,3,4
2017-05-02,19,3,3,3,3,3,3,3,3,3,3,3,3,3,4,3,4
2017-05-02,20,2,3,3,3,3,3,3,3,3,3,3,3,3,3,3,3
2017-05-02,21,2,3,3,3,3,3,3,3,3,3,3,3,2,4,3,3
2017-05-02,22,2,3,3,3,2,3,3,3,3,3,2,2,2,4,3,3
2017-05-02,23,2,3,3,3,2,3,3,3,2,2,2,2,2,5,3,3
2017-05-02,24,2,3,3,3,2,2,2,2,2,2,2,2,2,4,2,3
2017-05-03,01,2,3,2,2,2,2,2,2,2,2,2,2,2,4,2,3
2017-05-03,02,2,3,2,2,2,2,2,2,2,2,2,2,2,3,2,2
2017-05-03,03,2,2,2,2,2,2,2,2,2,2,2,2,2,3,2,2
2017-05-03,04,2,2,2,2,2,2,2,2,2,2,2,2,2,2,2,2
2017-05-03,05,2,2,2,2,2,2,2,2,2,2,2,2,2,2,2,2
2017-05-03,06,2,2,2,2,2,2,2,2,2,2,2,2,2,2,2,2
2017-05-03,07,2,2,2,2,2,2,2,2,2,2,2,2,2,2,2,2
2017-05-03,08,2,2,2,2,2,2,2,2,2,2,2,2,2,3,2,2
2017-05-03,09,2,2,2,2,2,2,2,2,2,2,2,2,2,3,2,2
2017-05-03,10,2,2,2,2,2,2,2,2,2,2,2,2,2,3,2,2
2017-05-03,11,2,2,2,2,2,2,2,2,2,2,2,2,2,3,2,3
2017-05-03,12,2,2,2,2,2,2,2,2,2,2,2,2,2,3,2,3
2017-05-03,13,2,2,2,2,2,2,2,2,2,2,2,2,2,3,2,3
2017-05-03,14,2,2,2,2,2,2,3,2,2,2,2,2,3,3,3,3
2017-05-03,15,2,2,3,2,2,2,3,2,2,2,2,2,3,3,3,3
2017-05-03,16,2,2,3,2,2,2,2,2,2,2,2,2,3,3,3,3
2017-05-03,17,2,2,3,2,2,2,2,2,2,2,2,2,3,3,2,3
2017-05-03,18,2,2,2,2,2,2,2,2,2,2,2,2,2,3,2,3
2017-05-03,19,2,2,2,2,2,2,2,2,2,2,2,2,2,3,2,3
2017-05-03,20,2,2,2,2,2,2,2,2,2,2,2,2,2,3,2,2
2017-05-03,21,2,2,2,2,2,2,2,2,2,2,2,2,2,3,2,3
2017-05-03,22,2,2,2,2,2,2,2,2,2,2,2,2,2,3,2,2
2017-05-03,23,2,2,2,2,2,2,2,2,2,2,2,2,2,3,2,2
2017-05-03,24,2,2,2,2,2,2,2,2,2,2,2,2,2,3,2,2
2017-05-04,01,2,2,2,2,2,2,2,2,2,2,2,2,2,3,2,2
2017-05-04,02,2,2,2,2,2,2,2,2,2,2,2,2,2,2,2,2
2017-05-04,03,2,2,2,2,2,2,2,2,2,2,2,2,2,2,2,2
2017-05-04,04,2,2,2,2,2,2,2,2,2,2,2,2,2,2,2,2
2017-05-04,05,2,2,2,2,2,1,2,2,2,2,2,2,2,2,2,2
2017-05-04,06,2,2,2,2,2,2,2,2,2,2,2,2,2,2,2,2
2017-05-04,07,2,2,2,2,2,2,2,2,2,2,2,2,2,2,2,2
2017-05-04,08,2,2,2,2,2,2,2,2,2,2,2,2,2,2,2,2
2017-05-04,09,2,2,2,2,2,2,2,2,2,2,2,2,2,3,2,2
2017-05-04,10,2,2,2,2,2,2,2,2,2,2,2,2,2,4,3,2
2017-05-04,11,2,2,3,2,3,3,2,3,3,3,2,2,2,4,3,3
2017-05-04,12,3,3,3,3,3,3,3,3,3,3,3,3,3,4,4,3
2017-05-04,13,3,3,3,3,3,3,3,3,3,3,3,3,3,4,4,4
2017-05-04,14,3,3,4,3,4,3,3,3,3,3,3,3,3,4,4,4
2017-05-04,15,3,3,3,3,4,3,3,3,3,3,3,3,3,4,4,4
2017-05-04,16,4,4,3,3,4,4,3,3,3,3,3,4,3,4,4,4
2017-05-04,17,4,4,3,4,4,4,3,3,3,4,3,4,3,5,4,4
2017-05-04,18,4,4,4,4,4,4,3,3,3,4,3,4,3,5,4,4
2017-05-04,19,4,4,4,4,4,4,3,3,4,4,3,3,3,5,5,5
2017-05-04,20,4,4,4,4,4,4,3,3,3,4,3,3,3,5,5,5
2017-05-04,21,3,4,4,4,4,3,3,4,3,3,3,3,2,5,5,4
2017-05-04,22,3,4,4,4,4,3,3,3,3,3,3,3,2,5,4,4
2017-05-04,23,3,4,4,4,3,3,3,3,3,3,3,3,2,5,4,4
2017-05-04,24,3,3,3,4,3,3,3,3,3,3,3,3,2,5,4,4
2017-05-05,01,4,3,3,4,3,3,3,3,3,3,3,3,2,5,4,4
2017-05-05,02,4,3,3,4,3,3,3,3,3,3,3,3,2,4,4,4
2017-05-05,03,4,3,3,4,3,2,3,3,3,3,2,3,2,4,4,4
2017-05-05,04,4,3,3,4,3,2,2,2,3,3,2,3,2,4,4,4
2017-05-05,05,4,3,3,4,3,2,2,2,3,3,2,3,2,3,3,4
2017-05-05,06,4,3,3,3,3,2,2,3,3,2,2,2,2,3,3,4
2017-05-05,07,4,3,3,3,3,2,2,3,3,2,2,2,2,4,3,4
2017-05-05,08,4,3,3,3,3,3,3,3,3,3,2,3,2,4,4,4
2017-05-05,09,4,4,3,4,3,3,3,3,4,3,3,3,2,5,5,4
2017-05-05,10,5,4,4,4,4,3,3,4,4,4,4,4,3,5,5,4
2017-05-05,11,5,5,4,4,4,4,4,5,5,5,5,5,4,6,6,5
2017-05-05,12,5,5,4,5,5,5,5,5,5,6,6,5,5,6,6,5
2017-05-05,13,5,6,5,5,5,6,6,6,6,7,6,7,5,6,6,6
2017-05-05,14,5,6,5,5,6,7,6,7,7,8,6,8,6,6,6,6
2017-05-05,15,5,6,5,5,6,8,7,9,8,10,6,8,6,6,6,6
2017-05-05,16,6,7,6,5,7,9,7,10,8,11,7,7,6,7,7,6
2017-05-05,17,6,8,6,5,7,9,8,9,8,11,7,7,7,8,8,6
2017-05-05,18,7,8,7,5,7,8,8,9,8,11,8,7,7,9,8,6
2017-05-05,19,7,8,7,6,7,7,8,8,8,11,8,7,7,9,8,7
2017-05-05,20,9,8,7,7,8,7,8,8,8,10,7,7,6,9,9,7
2017-05-05,21,9,7,8,8,8,6,7,8,8,8,7,6,5,8,10,8
2017-05-05,22,9,7,8,8,8,5,6,7,8,7,6,5,5,8,9,8
2017-05-05,23,8,6,7,8,7,5,5,6,7,6,5,5,4,7,9,9
2017-05-05,24,7,6,7,7,6,5,5,6,6,5,5,5,4,8,9,8
2017-05-06,01,7,6,6,7,6,5,5,6,6,5,5,5,3,7,9,8
2017-05-06,02,7,5,6,7,6,5,5,5,6,5,4,5,3,7,8,7
2017-05-06,03,7,5,6,6,6,5,5,5,5,4,4,5,3,7,8,7
2017-05-06,04,7,5,6,6,5,5,5,5,5,4,4,5,3,7,8,7
2017-05-06,05,7,6,6,6,5,5,5,4,5,5,4,5,3,6,7,6
2017-05-06,06,7,6,6,6,5,5,5,4,5,5,4,4,2,6,7,6
2017-05-06,07,6,6,6,6,4,5,5,4,5,5,4,4,2,6,7,6
2017-05-06,08,6,6,6,6,4,5,4,4,5,5,5,4,3,6,7,7
2017-05-06,09,7,6,6,6,5,5,5,5,5,5,5,5,4,7,8,7
2017-05-06,10,7,6,6,6,6,6,5,6,6,7,6,6,4,8,8,7
2017-05-06,11,8,7,6,6,7,7,6,7,7,8,7,8,5,9,9,8
2017-05-06,12,8,7,6,6,7,8,7,7,8,9,8,8,5,9,9,8
2017-05-06,13,9,7,6,7,7,8,7,8,9,10,8,8,6,9,9,8
2017-05-06,14,9,7,7,7,8,9,7,8,10,11,7,7,7,9,9,8
2017-05-06,15,8,7,6,7,8,9,6,9,11,11,7,7,6,8,8,7
2017-05-06,16,7,6,6,6,7,9,6,9,11,11,6,6,6,6,7,7
2017-05-06,17,6,5,5,5,5,8,5,8,9,10,6,5,5,5,6,6
2017-05-06,18,5,5,5,5,5,6,5,7,7,8,5,4,6,5,5,5
2017-05-06,19,5,6,5,5,4,5,6,5,5,6,5,4,6,5,5,5
2017-05-06,20,5,6,5,5,4,5,6,4,4,5,5,5,7,6,6,6
2017-05-06,21,6,7,6,6,5,5,7,4,5,4,5,5,7,7,7,7
2017-05-06,22,7,8,6,6,5,5,7,4,5,5,6,6,6,7,7,7
2017-05-06,23,7,7,6,6,5,5,6,4,5,5,6,6,5,6,7,7
2017-05-06,24,6,5,5,5,5,5,5,5,5,6,5,5,4,5,6,6
2017-05-07,01,5,4,4,4,4,5,4,5,5,5,4,4,3,4,4,4
2017-05-07,02,4,4,3,3,4,4,3,4,4,5,3,3,3,3,3,3
2017-05-07,03,3,3,3,3,3,3,3,4,3,4,3,3,3,3,3,3
2017-05-07,04,3,3,3,3,3,3,3,3,3,4,3,3,3,3,3,3
2017-05-07,05,3,3,3,3,3,3,3,3,3,3,3,3,3,3,3,3
2017-05-07,06,3,3,3,3,3,3,3,3,3,3,3,3,3,3,3,3
2017-05-07,07,3,3,3,3,3,3,3,3,3,3,3,3,3,3,3,3
2017-05-07,08,3,4,3,3,3,3,3,3,3,3,3,3,3,3,3,3
2017-05-07,09,3,4,3,3,3,3,4,3,3,3,3,3,4,3,3,3
2017-05-07,10,4,4,3,4,3,3,4,3,3,4,4,3,4,4,4,3
2017-05-07,11,4,4,4,4,3,3,4,3,3,4,4,4,4,4,4,4
2017-05-07,12,4,4,4,4,4,4,4,4,4,4,4,4,4,4,4,4
2017-05-07,13,4,4,4,4,4,4,4,4,4,4,4,4,4,4,4,4
2017-05-07,14,4,4,4,4,4,4,4,4,4,4,4,4,4,4,4,4
2017-05-07,15,4,5,4,4,4,4,5,4,4,5,4,4,4,5,4,4
2017-05-07,16,4,4,4,4,4,4,5,4,4,5,4,4,5,5,4,4
2017-05-07,17,4,5,4,4,4,4,5,4,4,4,4,4,5,5,4,4
2017-05-07,18,4,5,4,4,4,4,5,4,4,4,4,4,5,5,4,4
2017-05-07,19,4,5,4,4,4,4,5,4,4,4,4,4,5,5,4,4
2017-05-07,20,4,5,4,4,4,4,5,4,4,4,4,4,5,5,4,4
2017-05-07,21,4,5,4,4,4,4,4,4,4,4,4,4,4,5,4,4
2017-05-07,22,4,4,4,4,4,4,4,4,4,4,4,4,4,4,4,4
2017-05-07,23,4,4,4,4,4,4,4,4,4,4,4,4,4,4,4,4
2017-05-07,24,4,4,4,4,4,4,4,4,4,4,4,4,4,4,4,4
2017-05-08,01,4,4,4,4,4,4,4,4,4,4,4,4,4,4,4,4
2017-05-08,02,4,4,4,4,4,4,4,4,4,4,4,4,4,4,4,4
2017-05-08,03,4,4,4,4,4,4,4,4,4,4,4,4,4,4,4,4
2017-05-08,04,4,4,4,4,4,4,4,4,4,4,4,4,4,4,4,4
2017-05-08,05,4,4,4,4,4,4,4,4,4,4,4,4,4,4,4,4
2017-05-08,06,4,4,4,4,4,4,4,3,4,4,4,4,4,4,4,4
2017-05-08,07,4,4,4,4,4,4,4,3,3,4,4,4,4,4,4,4
2017-05-08,08,4,4,4,4,4,4,4,3,3,4,4,4,4,4,4,4
2017-05-08,09,4,4,4,4,4,4,4,3,3,4,4,4,4,4,4,4
2017-05-08,10,4,4,4,4,4,4,4,3,3,4,4,4,4,4,4,4
2017-05-08,11,4,4,4,4,4,4,4,3,4,4,4,4,4,4,4,4
2017-05-08,12,4,4,4,4,4,4,4,3,4,4,4,4,4,4,4,4
2017-05-08,13,4,4,4,4,4,4,4,4,4,4,4,4,4,5,4,4
2017-05-08,14,4,5,4,4,4,4,4,4,4,4,4,4,4,5,4,5
2017-05-08,15,4,5,4,4,4,4,5,4,4,4,4,4,5,5,5,5
2017-05-08,16,4,5,4,4,4,4,5,4,4,3,4,4,5,5,5,5
2017-05-08,17,4,5,4,4,4,4,5,3,4,3,4,4,5,4,5,5
2017-05-08,18,4,5,4,4,4,4,5,3,4,4,4,4,5,4,4,5
2017-05-08,19,4,5,4,4,3,4,5,3,4,4,4,4,5,4,4,5
2017-05-08,20,3,5,4,4,3,4,4,3,3,3,4,4,5,4,4,4
2017-05-08,21,3,4,4,4,3,4,4,3,3,3,4,4,5,4,4,4
2017-05-08,22,3,4,4,3,3,3,4,3,3,3,4,3,4,4,3,4
2017-05-08,23,3,3,3,3,3,3,3,3,3,3,4,3,4,4,3,4
2017-05-08,24,3,3,3,3,3,3,3,3,3,3,4,3,4,4,3,4
2017-05-09,01,4,4,4,3,3,4,4,4,4,4,4,3,4,4,3,4
2017-05-09,02,4,4,4,4,3,4,4,4,4,4,4,3,3,4,4,4
2017-05-09,03,4,4,3,4,3,3,3,4,4,3,3,3,3,4,4,4
2017-05-09,04,4,4,3,3,3,3,3,3,3,3,3,3,3,4,4,4
2017-05-09,05,4,3,3,3,3,3,3,3,3,3,3,3,3,4,4,3
2017-05-09,06,4,3,3,3,3,3,3,3,3,3,3,3,3,4,3,3
2017-05-09,07,3,3,3,3,3,3,3,3,3,3,3,3,3,4,3,3
2017-05-09,08,3,3,3,3,3,3,3,3,3,3,3,3,3,4,3,3
2017-05-09,09,3,3,4,3,3,3,3,3,3,3,3,3,3,5,3,4
2017-05-09,10,3,4,4,4,3,3,3,3,3,3,3,3,3,5,4,4
2017-05-09,11,3,4,4,4,4,3,3,3,3,3,3,3,3,5,4,4
2017-05-09,12,4,4,4,4,4,4,4,4,4,4,4,4,,6,4,4
2017-05-09,13,4,4,4,4,4,4,4,5,4,4,5,4,,6,4,4
2017-05-09,14,4,5,4,4,4,5,5,6,5,5,5,5,,6,5,5
2017-05-09,15,4,6,5,5,5,5,6,6,6,7,6,5,,6,5,5
2017-05-09,16,5,6,5,5,5,6,7,6,6,8,6,5,,6,5,5
2017-05-09,17,5,7,6,5,5,7,7,6,6,9,6,6,,6,5,6
2017-05-09,18,5,6,6,5,5,7,7,7,6,9,7,6,,6,5,6
2017-05-09,19,6,6,6,5,5,7,7,7,6,8,7,5,,6,6,6
2017-05-09,20,6,6,6,5,5,6,6,7,6,5,7,5,6,7,7,6
2017-05-09,21,6,6,5,5,5,5,5,6,6,4,6,5,5,7,7,6
2017-05-09,22,5,5,5,5,5,5,5,6,6,4,5,5,4,7,7,6
2017-05-09,23,5,5,5,5,5,5,5,5,6,4,4,5,4,6,6,6
2017-05-09,24,5,5,5,5,5,4,4,5,6,4,4,5,3,6,6,6
2017-05-10,01,5,5,5,5,4,4,4,4,6,4,4,4,3,6,6,6
2017-05-10,02,5,5,5,5,4,4,4,4,5,4,4,4,3,6,6,6
2017-05-10,03,5,5,5,5,4,4,4,4,5,4,4,4,3,6,6,5
2017-05-10,04,5,5,5,5,4,4,4,4,5,4,4,4,3,5,6,6
2017-05-10,05,5,5,5,5,4,4,4,3,5,4,3,4,,5,5,6
2017-05-10,06,5,5,5,5,4,3,4,3,5,4,3,4,2,5,5,5
2017-05-10,07,5,5,5,4,5,3,4,4,5,3,3,4,2,5,5,5
2017-05-10,08,5,5,5,5,5,4,4,4,5,3,4,4,3,6,5,5
2017-05-10,09,6,5,6,5,5,5,5,5,6,4,5,4,4,7,7,6
2017-05-10,10,7,6,6,6,5,6,5,6,7,6,7,6,5,8,8,7
2017-05-10,11,7,7,6,7,6,7,6,8,9,8,8,7,7,9,9,8
2017-05-10,12,9,7,7,8,7,9,7,9,10,11,9,8,9,9,9,9
2017-05-10,13,10,8,8,9,9,11,8,10,11,11,10,9,10,10,9,11
2017-05-10,14,10,8,8,10,10,11,9,11,11,11,10,9,11,10,10,11
2017-05-10,15,10,8,8,10,10,11,9,11,11,11,9,9,10,10,10,11
2017-05-10,16,9,7,8,9,10,11,9,11,11,11,8,8,9,9,9,9
2017-05-10,17,8,6,7,8,10,11,8,9,11,11,8,6,7,8,8,8
2017-05-10,18,8,6,7,8,10,11,8,8,11,11,7,5,7,7,7,7
2017-05-10,19,7,7,7,7,8,10,8,7,10,11,6,6,6,7,7,7
2017-05-10,20,7,7,7,6,6,8,8,7,9,8,5,6,6,7,7,7
2017-05-10,21,6,7,6,6,5,6,7,7,8,6,4,5,5,6,6,7
2017-05-10,22,6,6,5,5,4,5,6,6,7,5,4,5,5,6,5,6
2017-05-10,23,5,6,5,5,4,4,5,5,6,5,4,5,5,5,5,5
2017-05-10,24,5,5,5,5,4,4,5,4,5,5,4,5,5,5,5,5
2017-05-11,01,5,5,5,5,4,4,5,4,4,5,5,5,6,5,5,5
2017-05-11,02,5,5,5,5,4,5,5,4,4,5,5,5,5,5,5,5
2017-05-11,03,5,5,5,5,4,5,5,4,4,4,5,5,5,5,5,5
2017-05-11,04,5,5,5,5,4,5,5,3,4,4,5,4,4,5,5,5
2017-05-11,05,5,5,4,5,4,5,5,3,4,4,5,4,3,4,5,5
2017-05-11,06,5,5,4,4,4,4,4,3,4,4,4,4,3,4,4,4
2017-05-11,07,4,4,4,4,4,4,4,3,4,4,4,4,4,4,4,4
2017-05-11,08,4,4,4,4,4,4,4,3,4,4,4,4,4,4,4,4
2017-05-11,09,4,5,4,4,4,4,4,4,4,4,4,4,4,4,4,4
2017-05-11,10,5,5,4,4,4,4,4,4,4,4,4,4,4,4,5,4
2017-05-11,11,5,5,4,4,4,4,4,4,4,5,4,4,4,5,5,4
2017-05-11,12,5,5,4,4,4,4,4,4,4,5,4,4,4,5,5,5
2017-05-11,13,5,5,4,5,5,5,4,5,5,5,4,4,4,5,5,5
2017-05-11,14,5,5,4,5,5,5,5,5,5,5,4,4,4,5,5,5
2017-05-11,15,5,5,4,5,5,5,5,5,5,5,4,4,4,5,5,5
2017-05-11,16,4,4,4,5,5,5,4,5,5,5,4,4,4,5,5,5
2017-05-11,17,4,4,4,4,5,5,4,5,5,5,4,4,4,5,4,4
2017-05-11,18,4,4,4,4,4,4,4,5,4,5,4,4,4,5,4,4
2017-05-11,19,3,4,4,4,3,4,4,4,4,4,4,3,4,4,4,4
2017-05-11,20,3,4,4,3,3,3,4,3,3,4,3,3,4,4,4,3
2017-05-11,21,3,4,3,3,3,3,4,3,3,4,3,3,3,3,4,3
2017-05-11,22,3,4,3,3,3,3,3,3,3,3,3,3,3,3,3,3
2017-05-11,23,3,4,3,3,3,3,3,3,3,3,3,3,3,4,3,3
2017-05-11,24,3,3,3,3,3,3,3,3,3,3,3,2,3,4,3,3
2017-05-12,01,3,3,3,3,2,2,3,3,3,3,3,2,3,4,3,3
2017-05-12,02,3,3,3,3,2,2,3,3,3,3,2,2,3,3,3,3
2017-05-12,03,2,3,2,3,2,2,3,3,3,3,2,2,3,3,2,2
2017-05-12,04,2,3,2,3,2,2,3,3,2,3,2,2,2,2,2,2
2017-05-12,05,2,3,2,2,2,2,2,2,2,2,2,2,2,2,2,2
2017-05-12,06,2,3,2,2,2,2,2,2,2,2,2,2,2,2,2,2
2017-05-12,07,2,2,2,2,2,2,2,2,2,2,2,2,2,2,2,2
2017-05-12,08,2,2,2,3,3,3,2,2,2,2,2,2,2,3,2,2
2017-05-12,09,2,2,3,3,3,3,2,2,2,2,2,2,2,4,3,2
2017-05-12,10,2,3,3,3,3,3,2,2,2,2,2,2,2,5,4,3
2017-05-12,11,3,3,3,3,3,3,2,3,3,3,2,2,2,4,4,3
2017-05-12,12,3,3,3,3,3,3,3,3,3,3,3,3,2,4,4,3
2017-05-12,13,3,3,4,3,3,4,3,4,4,4,4,3,3,5,4,4
2017-05-12,14,4,4,4,4,4,4,4,5,5,5,5,4,3,5,4,4
2017-05-12,15,4,5,5,4,4,5,4,5,5,5,6,4,3,6,5,4
2017-05-12,16,5,5,5,5,5,5,5,6,6,6,6,5,4,7,6,5
2017-05-12,17,5,6,6,5,6,6,5,6,7,6,7,6,4,8,6,6
2017-05-12,18,6,7,7,6,6,6,6,6,7,7,7,7,4,8,7,7
2017-05-12,19,7,7,7,6,6,6,7,6,6,7,7,7,4,9,7,8
2017-05-12,20,6,6,7,6,6,6,7,5,6,6,6,6,4,8,7,8
2017-05-12,21,5,6,7,5,5,5,6,4,5,5,5,5,4,8,6,7
2017-05-12,22,5,5,6,5,5,4,5,4,4,4,4,4,4,7,5,6
2017-05-12,23,4,5,5,4,4,4,5,3,4,4,4,4,4,6,5,5
2017-05-12,24,4,4,4,4,4,3,4,3,4,3,3,3,3,6,4,5
2017-05-13,01,4,4,4,4,3,3,4,3,4,3,3,3,3,5,4,4
2017-05-13,02,4,4,4,4,3,3,4,3,4,3,3,3,3,5,4,4
2017-05-13,03,4,4,4,4,3,3,4,3,4,3,3,3,3,4,4,4
2017-05-13,04,4,4,4,4,3,3,4,3,4,3,3,2,2,4,4,4
2017-05-13,05,4,4,4,4,3,3,4,3,4,2,3,2,2,4,4,4
2017-05-13,06,3,4,3,4,3,3,3,3,4,2,3,3,2,4,4,4
2017-05-13,07,3,4,3,4,3,3,3,3,4,2,3,3,2,4,4,3
2017-05-13,08,3,4,3,4,3,3,3,3,4,2,3,3,2,4,4,3
2017-05-13,09,3,4,4,4,3,3,3,3,4,3,3,3,3,5,4,4
2017-05-13,10,3,4,4,4,4,3,3,4,4,3,3,3,3,5,4,4
2017-05-13,11,4,4,4,4,4,4,3,4,4,3,3,3,3,5,4,4
2017-05-13,12,4,4,4,4,4,4,4,4,4,4,3,3,3,5,4,4
2017-05-13,13,4,4,4,4,4,4,4,3,4,4,4,3,3,5,5,4
2017-05-13,14,4,4,4,4,4,4,4,3,4,4,4,3,3,5,4,4
2017-05-13,15,4,4,4,4,4,4,4,3,4,4,3,3,3,6,4,4
2017-05-13,16,4,4,4,3,3,3,4,3,4,4,3,3,3,6,4,4
2017-05-13,17,3,4,4,3,3,3,3,3,4,4,3,3,3,5,4,4
2017-05-13,18,3,3,3,3,3,3,3,3,4,4,3,3,3,5,4,4
2017-05-13,19,3,3,4,3,3,3,3,3,4,3,3,3,3,4,4,4
2017-05-13,20,3,3,4,3,3,3,3,3,3,3,3,3,2,4,4,4
2017-05-13,21,3,3,4,3,3,2,3,3,3,2,2,3,2,4,3,4
2017-05-13,22,3,3,3,3,3,2,3,3,3,2,2,3,2,4,3,4
2017-05-13,23,3,3,3,3,3,2,3,3,3,2,2,3,2,4,3,4
2017-05-13,24,3,3,3,3,3,2,3,2,3,2,2,3,2,4,3,3
2017-05-14,01,3,3,3,3,3,2,3,2,3,2,2,3,2,3,4,3
2017-05-14,02,3,3,3,3,3,2,3,2,3,2,2,2,2,3,4,3
2017-05-14,03,3,3,2,3,3,2,2,2,3,2,2,2,2,3,4,3
2017-05-14,04,3,3,2,3,2,2,2,2,2,2,2,2,2,3,4,3
2017-05-14,05,3,3,2,3,2,2,2,2,2,2,2,2,2,3,3,3
2017-05-14,06,4,3,2,3,2,2,2,2,2,2,2,2,2,3,3,3
2017-05-14,07,4,2,2,3,2,2,2,2,2,2,2,2,2,3,4,3
2017-05-14,08,3,3,2,3,3,2,2,2,2,2,2,2,2,3,4,3
2017-05-14,09,3,3,3,3,3,2,2,2,2,2,2,2,2,4,4,3
2017-05-14,10,3,3,3,3,3,2,3,2,3,3,2,3,2,4,4,3
2017-05-14,11,4,4,3,3,3,3,3,2,3,3,3,3,3,5,4,4
2017-05-14,12,4,4,4,4,3,4,4,3,3,3,3,3,4,6,4,4
2017-05-14,13,4,5,4,4,4,4,4,3,3,3,3,3,5,5,5,4
2017-05-14,14,5,5,5,5,4,4,5,3,4,3,4,4,5,5,5,5
2017-05-14,15,5,6,5,5,5,4,6,4,4,4,5,4,6,6,5,6
2017-05-14,16,5,7,6,6,6,5,6,4,5,5,5,5,6,6,5,6
2017-05-14,17,5,7,6,7,6,5,7,4,5,5,6,6,7,7,5,7
2017-05-14,18,5,7,6,7,6,5,7,5,5,5,6,6,7,7,5,7
2017-05-14,19,5,6,6,6,6,5,6,5,6,5,6,6,7,7,5,7
2017-05-14,20,5,6,5,6,5,5,6,5,5,5,6,5,6,7,5,6
2017-05-14,21,5,5,5,5,5,5,5,4,5,4,5,5,5,6,5,5
2017-05-14,22,4,4,4,4,4,4,5,4,5,4,5,4,5,6,4,5
2017-05-14,23,4,4,4,4,4,4,4,4,4,4,4,4,4,5,4,4
2017-05-14,24,4,4,4,4,3,3,4,3,4,4,4,3,4,5,4,4
2017-05-15,01,4,4,4,4,3,3,4,3,4,4,3,3,4,5,4,4
2017-05-15,02,4,4,4,4,3,3,4,3,4,4,3,3,4,4,4,4
2017-05-15,03,4,4,4,4,3,3,4,3,4,4,3,3,3,4,4,4
2017-05-15,04,4,4,4,4,3,3,4,3,4,4,3,3,3,3,3,4
2017-05-15,05,4,4,3,4,3,3,3,4,4,3,3,3,3,3,3,3
2017-05-15,06,3,4,3,3,3,3,3,2,4,3,3,3,3,3,3,3
2017-05-15,07,3,3,3,3,3,3,3,2,3,3,3,3,3,3,3,3
2017-05-15,08,3,3,3,3,3,3,3,2,3,3,3,3,3,3,3,3
2017-05-15,09,2,3,3,3,3,3,2,2,3,2,3,3,2,3,3,3
2017-05-15,10,2,3,3,3,3,3,2,2,3,2,2,2,2,3,3,3
2017-05-15,11,2,3,2,2,2,2,2,2,2,2,2,2,2,3,3,3
2017-05-15,12,2,3,2,2,2,2,2,2,2,2,2,2,2,3,3,3
2017-05-15,13,3,2,2,2,2,2,2,2,2,2,2,2,2,3,3,3
2017-05-15,14,3,2,2,2,2,2,2,2,2,2,3,2,2,3,3,3
2017-05-15,15,3,3,2,3,2,2,3,2,3,2,2,2,3,3,3,3
2017-05-15,16,3,3,2,3,2,2,3,2,3,2,2,2,3,3,3,3
2017-05-15,17,3,3,2,3,2,3,3,2,3,2,2,3,3,3,3,3
2017-05-15,18,3,3,2,3,3,3,3,2,3,2,2,3,3,3,3,3
2017-05-15,19,3,3,2,3,3,3,3,2,3,2,2,3,3,3,3,3
2017-05-15,20,3,3,2,3,2,2,3,2,3,2,2,2,3,3,3,3
2017-05-15,21,2,3,2,3,2,2,3,2,3,2,2,2,3,3,3,3
2017-05-15,22,2,3,2,2,2,2,2,2,2,2,2,2,3,3,2,3
2017-05-15,23,2,2,2,2,2,2,2,2,2,2,2,2,3,3,2,2
2017-05-15,24,2,2,2,2,2,2,2,2,2,2,2,2,2,3,2,2
2017-05-16,01,2,2,2,2,2,2,2,1,2,2,2,2,2,3,2,2
2017-05-16,02,2,2,2,2,2,2,2,1,2,2,2,2,2,3,2,2
2017-05-16,03,2,2,2,2,2,2,2,1,2,2,1,2,2,2,2,2
2017-05-16,04,2,2,2,2,2,2,2,1,2,2,1,2,2,2,2,1
2017-05-16,05,2,2,2,2,2,2,2,1,2,2,1,2,2,2,2,1
2017-05-16,06,2,2,2,2,2,2,2,1,2,2,2,2,2,2,2,1
2017-05-16,07,2,2,2,2,2,2,2,2,2,2,2,2,2,2,2,2
2017-05-16,08,2,2,2,2,2,2,2,2,2,3,2,2,2,3,2,2
2017-05-16,09,2,3,2,3,3,2,3,2,3,3,3,3,2,3,3,2
2017-05-16,10,3,3,2,3,3,2,3,2,3,3,3,3,2,4,4,2
2017-05-16,11,3,3,2,3,3,3,3,3,3,3,3,3,2,4,4,3
2017-05-16,12,3,3,3,3,3,3,2,3,3,3,3,3,2,4,4,3
2017-05-16,13,3,3,3,3,3,3,2,3,4,3,3,3,2,4,4,3
2017-05-16,14,3,3,3,3,3,3,2,4,4,4,3,3,,4,4,3
2017-05-16,15,3,4,3,4,3,3,2,4,4,4,3,4,,4,4,4
2017-05-16,16,4,4,4,4,4,4,4,4,5,5,4,4,3,4,4,4
2017-05-16,17,4,4,4,4,4,4,4,4,5,5,4,4,4,5,4,4
2017-05-16,18,4,4,4,4,4,4,4,4,5,5,4,4,4,5,4,4
2017-05-16,19,4,4,4,4,4,4,4,4,5,5,4,4,3,5,5,4
2017-05-16,20,4,4,4,4,4,4,4,4,4,4,4,3,3,5,4,4
2017-05-16,21,4,4,4,4,4,4,4,4,4,4,3,3,3,4,4,4
2017-05-16,22,4,4,3,4,3,3,3,3,4,4,3,3,3,4,4,4
2017-05-16,23,3,3,3,3,3,3,3,3,3,3,3,3,3,3,3,3
2017-05-16,24,3,3,3,3,3,3,3,3,3,3,3,3,2,3,3,3
2017-05-17,01,3,3,3,3,3,2,3,3,3,2,2,3,2,3,3,3
2017-05-17,02,3,3,3,3,3,2,2,2,3,2,2,2,2,3,3,3
2017-05-17,03,3,3,3,3,2,2,2,2,2,2,2,2,2,3,3,3
2017-05-17,04,3,3,3,3,2,2,2,2,2,2,2,2,2,3,3,3
2017-05-17,05,3,3,3,3,2,2,2,2,2,2,2,2,2,3,3,3
2017-05-17,06,3,3,3,3,2,2,2,2,3,2,2,2,2,3,3,3
2017-05-17,07,3,3,3,3,2,2,2,2,3,2,2,2,2,3,3,3
2017-05-17,08,3,3,3,3,2,2,3,2,3,2,2,2,2,3,3,3
2017-05-17,09,3,3,3,3,3,3,3,2,3,3,3,2,2,4,3,3
2017-05-17,10,4,4,3,4,4,3,3,3,3,3,3,3,3,4,4,4
2017-05-17,11,4,4,4,4,4,4,4,4,4,4,4,4,3,4,4,4
2017-05-17,12,5,4,4,5,5,5,4,4,4,4,4,5,4,5,5,5
2017-05-17,13,5,5,4,5,5,5,4,5,5,5,5,5,,5,5,5
2017-05-17,14,5,5,4,5,6,5,4,5,5,5,5,5,,5,5,5
2017-05-17,15,5,5,5,5,5,5,5,5,5,6,5,5,4,5,5,5
2017-05-17,16,5,5,5,5,5,5,5,6,6,6,5,5,4,5,5,5
2017-05-17,17,5,5,5,5,5,5,5,6,6,6,5,5,4,5,5,5
2017-05-17,18,5,5,5,5,5,5,5,6,7,5,5,5,4,5,5,5
2017-05-17,19,5,5,5,5,5,5,5,5,6,5,5,5,5,5,5,5
2017-05-17,20,5,5,5,5,5,4,5,5,5,4,4,5,5,5,5,5
2017-05-17,21,5,5,4,5,5,4,5,4,4,4,4,5,5,5,5,5
2017-05-17,22,5,5,4,5,4,4,5,4,4,4,4,5,5,5,5,5
2017-05-17,23,5,5,4,5,4,4,5,4,4,4,4,5,5,5,4,5
2017-05-17,24,5,5,4,5,4,4,4,4,4,4,4,4,5,5,4,4
2017-05-18,01,5,5,4,4,4,4,5,4,4,5,4,4,5,4,4,4
2017-05-18,02,5,5,4,5,4,4,5,4,4,5,4,5,5,4,4,4
2017-05-18,03,5,5,4,5,4,4,5,4,5,5,4,5,5,4,4,4
2017-05-18,04,5,5,4,5,5,4,5,4,5,5,4,5,5,4,4,4
2017-05-18,05,4,4,4,4,4,4,4,4,5,5,4,4,4,4,4,4
2017-05-18,06,4,4,4,4,4,4,4,4,4,5,4,4,4,4,4,4
2017-05-18,07,4,4,4,4,4,4,4,4,4,4,4,4,4,4,4,4
2017-05-18,08,4,4,4,4,4,4,4,4,4,4,4,4,4,5,4,4
2017-05-18,09,4,4,4,4,4,4,4,4,4,4,4,4,4,5,4,4
2017-05-18,10,4,4,4,4,4,4,4,4,4,4,4,4,4,5,5,4
2017-05-18,11,4,5,4,4,4,4,4,4,4,4,4,4,4,5,5,4
2017-05-18,12,5,5,4,5,5,4,4,4,4,5,4,4,4,5,5,4
2017-05-18,13,5,5,4,5,5,5,5,4,4,5,5,5,4,5,4,5
2017-05-18,14,5,5,5,5,5,5,5,4,5,5,5,5,4,5,5,5
2017-05-18,15,5,5,5,5,5,5,5,5,5,5,5,5,5,5,5,5
2017-05-18,16,5,5,5,5,5,5,5,5,5,5,5,5,5,5,5,5
2017-05-18,17,5,5,5,5,5,5,5,5,5,5,5,5,5,5,5,5
2017-05-18,18,5,5,5,5,5,5,5,5,5,5,5,5,6,5,5,5
2017-05-18,19,5,5,5,5,5,5,6,5,5,5,5,5,6,5,5,5
2017-05-18,20,5,6,5,6,5,5,6,5,5,5,5,5,6,6,6,6
2017-05-18,21,5,5,5,6,5,5,6,5,5,5,5,5,6,6,6,6
2017-05-18,22,5,5,5,5,5,5,5,4,5,6,5,5,6,6,5,5
2017-05-18,23,5,5,5,5,5,5,5,5,5,6,5,5,5,5,5,5
2017-05-18,24,5,5,5,5,5,5,5,5,5,5,5,5,5,5,5,5
2017-05-19,01,5,5,5,5,5,5,5,5,5,5,5,5,5,5,5,5
2017-05-19,02,5,4,4,5,5,5,4,4,5,5,5,5,5,4,4,4
2017-05-19,03,4,4,4,4,4,4,4,4,4,5,4,4,4,4,4,4
2017-05-19,04,4,4,4,4,4,4,4,4,4,5,4,4,4,4,4,4
2017-05-19,05,4,4,4,4,4,4,4,4,4,5,4,4,4,4,4,4
2017-05-19,06,4,4,4,4,4,4,4,4,4,4,4,4,4,4,4,4
2017-05-19,07,4,4,4,4,4,4,4,3,4,4,4,4,4,4,4,4
2017-05-19,08,4,4,4,4,4,4,4,3,4,4,4,4,4,4,4,4
2017-05-19,09,4,4,4,4,4,4,4,3,4,4,4,4,4,5,4,4
2017-05-19,10,4,4,4,4,4,4,4,3,4,4,4,4,4,5,4,4
2017-05-19,11,4,4,4,4,4,4,4,3,4,4,4,4,4,5,4,4
2017-05-19,12,4,4,4,4,4,4,4,4,4,4,4,4,4,5,4,4
2017-05-19,13,4,4,4,4,4,4,4,4,4,4,4,4,4,4,4,4
2017-05-19,14,4,4,4,4,4,4,4,4,4,4,4,4,4,4,4,4
2017-05-19,15,4,4,4,4,4,4,4,4,4,4,5,4,4,5,4,4
2017-05-19,16,4,4,4,4,4,4,4,4,5,4,5,4,4,5,4,4
2017-05-19,17,4,5,4,5,4,4,4,4,5,4,4,4,4,5,5,4
2017-05-19,18,5,5,4,5,5,4,5,4,5,5,4,4,4,5,5,5
2017-05-19,19,5,5,4,5,5,4,5,4,4,5,4,4,4,5,5,5
2017-05-19,20,4,5,4,4,4,4,4,4,4,5,4,4,3,5,5,4
2017-05-19,21,4,4,4,4,4,4,4,4,4,5,4,4,3,4,4,4
2017-05-19,22,4,4,4,4,4,4,4,4,4,4,4,4,3,4,4,4
2017-05-19,23,4,4,3,4,4,4,4,3,4,4,3,3,3,4,3,4
2017-05-19,24,4,4,3,3,3,3,4,3,3,3,3,3,3,4,3,3
2017-05-20,01,4,4,3,3,3,3,4,3,3,3,3,3,3,4,4,3
2017-05-20,02,4,4,4,4,3,3,4,3,3,3,3,4,3,4,4,4
2017-05-20,03,4,4,4,4,4,4,4,3,3,4,3,4,4,4,4,3
2017-05-20,04,4,4,3,4,4,4,4,3,3,4,4,4,4,3,4,3
2017-05-20,05,4,4,3,4,3,3,4,3,3,4,4,3,3,3,3,3
2017-05-20,06,4,4,3,3,3,3,4,3,3,4,3,3,3,3,3,3
2017-05-20,07,4,4,3,3,3,3,4,3,3,4,3,3,3,3,3,3
2017-05-20,08,4,4,3,3,3,3,4,3,3,4,3,3,3,4,3,3
2017-05-20,09,3,4,3,3,3,3,4,3,3,4,3,3,3,4,3,3
2017-05-20,10,3,4,3,4,3,3,4,3,3,4,3,3,3,4,3,4
2017-05-20,11,4,4,3,4,4,3,4,3,3,4,3,3,3,4,4,4
2017-05-20,12,4,4,3,4,4,3,4,3,3,4,3,3,3,4,4,4
2017-05-20,13,4,4,3,4,4,4,4,3,3,4,4,3,3,4,4,4
2017-05-20,14,4,4,3,4,4,4,4,3,3,4,4,3,3,4,4,4
2017-05-20,15,4,4,3,4,4,4,4,3,3,4,4,3,3,5,4,4
2017-05-20,16,4,4,3,4,4,4,4,3,3,4,4,3,3,5,4,4
2017-05-20,17,4,4,3,4,4,4,4,3,3,4,4,4,3,6,4,4
2017-05-20,18,4,4,3,4,4,4,4,3,3,4,4,4,3,5,4,4
2017-05-20,19,4,4,4,4,4,4,4,3,3,4,4,4,3,5,4,4
2017-05-20,20,4,4,3,4,4,4,4,3,3,4,4,3,3,4,4,4
2017-05-20,21,4,4,3,4,3,4,4,3,3,4,4,3,3,4,4,4
2017-05-20,22,3,4,3,4,3,3,3,3,3,4,3,3,3,4,3,4
2017-05-20,23,3,4,3,3,3,3,3,3,3,4,3,3,3,4,3,3
2017-05-20,24,3,4,3,3,3,3,4,3,3,4,3,3,4,3,3,3
2017-05-21,01,3,4,3,3,3,3,4,3,3,4,3,3,4,3,3,3
2017-05-21,02,3,4,3,3,3,3,4,3,3,3,3,3,4,3,3,3
2017-05-21,03,3,4,3,3,3,3,4,3,3,3,3,3,4,3,3,3
2017-05-21,04,3,4,3,3,3,3,4,3,3,3,4,3,4,3,3,3
2017-05-21,05,4,4,3,4,4,3,4,3,3,4,4,4,4,4,4,3
2017-05-21,06,4,4,4,4,4,4,4,3,3,4,4,4,4,4,4,3
2017-05-21,07,4,4,4,4,4,4,4,3,3,4,4,4,4,4,4,3
2017-05-21,08,4,4,3,4,4,3,4,3,3,4,4,3,4,4,4,3
2017-05-21,09,4,4,3,4,4,3,4,3,3,4,4,3,4,4,3,3
2017-05-21,10,4,4,3,4,4,3,4,3,3,4,3,3,4,4,3,3
2017-05-21,11,3,4,3,3,3,3,3,3,3,4,3,3,4,3,3,3
2017-05-21,12,3,4,3,3,3,3,4,3,3,4,3,3,4,3,3,3
2017-05-21,13,4,4,3,4,3,3,4,3,3,4,3,3,4,4,3,4
2017-05-21,14,4,4,3,4,4,4,4,3,3,4,4,3,4,4,4,4
2017-05-21,15,4,4,4,4,4,4,4,3,4,4,4,4,4,4,4,4
2017-05-21,16,4,4,4,4,4,4,4,3,4,4,4,4,4,4,4,4
2017-05-21,17,4,4,4,4,4,4,4,3,4,5,4,4,4,4,4,4
2017-05-21,18,4,4,4,4,4,4,4,3,4,5,4,4,4,4,4,4
2017-05-21,19,4,4,4,4,4,4,4,3,4,4,4,4,4,4,4,4
2017-05-21,20,4,4,3,4,3,3,4,3,3,4,3,3,4,4,4,4
2017-05-21,21,3,4,3,4,3,3,3,3,3,4,3,3,4,4,3,4
2017-05-21,22,3,4,3,3,3,3,3,3,3,4,3,3,4,4,3,3
2017-05-21,23,3,4,3,3,3,3,3,3,3,4,3,3,4,3,3,3
2017-05-21,24,3,3,3,3,3,3,3,3,3,4,3,3,4,3,3,3
2017-05-22,01,3,3,3,3,3,3,3,3,3,4,3,3,4,3,3,3
2017-05-22,02,3,3,3,3,3,3,3,3,3,3,3,3,3,3,3,3
2017-05-22,03,3,3,3,3,3,3,3,3,3,3,3,3,3,3,3,3
2017-05-22,04,3,3,3,3,3,3,3,3,3,3,3,3,3,3,3,3
2017-05-22,05,3,3,3,3,3,3,3,3,3,3,3,3,3,3,3,3
2017-05-22,06,3,3,3,3,3,3,3,3,3,3,3,3,3,3,3,3
2017-05-22,07,3,3,3,3,3,3,3,3,3,3,3,3,3,3,3,3
2017-05-22,08,3,3,3,3,3,3,3,3,3,3,3,3,3,3,3,3
2017-05-22,09,3,3,3,3,3,3,3,3,3,3,3,3,3,3,3,3
2017-05-22,10,3,3,3,3,3,3,3,3,3,3,3,3,3,3,3,3
2017-05-22,11,3,4,3,3,3,3,3,3,3,3,3,3,3,3,3,4
2017-05-22,12,3,4,3,3,3,3,3,3,3,3,3,3,3,3,4,4
2017-05-22,13,3,4,3,4,3,3,3,3,3,3,3,3,3,4,4,4
2017-05-22,14,4,4,3,4,3,3,4,3,3,4,3,3,4,4,4,4
2017-05-22,15,4,4,3,4,4,4,4,3,3,4,3,3,4,4,4,4
2017-05-22,16,4,4,3,4,4,4,4,3,3,3,3,3,4,4,4,4
2017-05-22,17,4,4,3,4,4,4,4,3,3,3,3,3,4,4,4,4
2017-05-22,18,4,4,4,5,4,4,4,3,3,3,3,3,4,4,4,4
2017-05-22,19,4,4,4,5,4,4,4,3,3,3,3,3,4,4,4,4
2017-05-22,20,4,4,4,4,4,4,4,3,3,4,4,3,4,4,4,4
2017-05-22,21,4,4,4,4,4,4,4,3,3,4,4,3,4,4,4,4
2017-05-22,22,4,4,4,4,4,3,4,3,3,4,4,3,4,4,4,4
2017-05-22,23,4,4,3,3,3,3,4,3,3,4,3,3,4,4,4,4
2017-05-22,24,3,4,3,3,3,3,3,3,3,3,3,3,4,4,3,3
2017-05-23,01,3,4,3,3,3,3,3,3,3,3,3,3,3,3,3,3
2017-05-23,02,3,3,3,3,3,3,3,3,3,3,3,3,3,3,3,3
2017-05-23,03,3,3,3,3,3,3,3,3,3,3,3,3,3,3,3,3
2017-05-23,04,3,3,3,3,3,3,3,3,3,3,3,3,3,3,3,3
2017-05-23,05,3,3,3,2,2,2,3,2,2,3,3,2,3,3,2,2
2017-05-23,06,3,3,2,2,2,2,3,2,2,3,3,2,3,2,2,2
2017-05-23,07,3,3,2,2,2,2,3,2,2,3,2,2,3,2,2,2
2017-05-23,08,3,3,2,2,2,2,3,2,2,3,2,2,2,3,2,3
2017-05-23,09,3,3,2,2,3,2,3,2,2,3,2,2,2,3,3,3
2017-05-23,10,3,3,2,3,3,2,3,2,2,3,2,2,2,3,3,3
2017-05-23,11,3,3,2,3,3,3,2,2,3,3,2,2,3,3,3,3
2017-05-23,12,3,3,2,3,3,3,3,2,3,3,3,3,3,3,3,3
2017-05-23,13,3,3,3,3,3,3,3,2,3,3,3,3,3,3,3,3
2017-05-23,14,3,3,3,3,3,3,3,2,3,3,3,3,3,3,3,3
2017-05-23,15,3,3,3,3,4,3,3,3,3,3,3,3,3,4,4,4
2017-05-23,16,3,4,3,3,4,3,3,2,3,3,3,3,3,4,4,4
2017-05-23,17,4,4,3,3,4,3,3,2,3,3,3,3,4,4,4,4
2017-05-23,18,4,4,3,3,3,4,3,2,3,3,3,3,4,4,4,4
2017-05-23,19,4,4,3,3,3,4,3,2,3,3,3,3,3,4,4,4
2017-05-23,20,3,4,3,3,3,4,3,2,3,2,3,3,3,3,4,4
2017-05-23,21,3,4,3,3,3,3,3,2,3,2,3,3,3,3,4,3
2017-05-23,22,3,4,3,3,3,3,3,3,3,2,3,3,3,3,3,3
2017-05-23,23,3,3,3,3,3,3,3,3,3,2,3,3,3,3,3,3
2017-05-23,24,3,3,3,3,3,3,3,2,3,2,3,3,3,3,3,3
2017-05-24,01,3,3,3,3,3,2,3,2,3,2,3,3,3,3,3,3
2017-05-24,02,3,3,3,3,2,2,3,2,2,2,3,2,3,3,3,3
2017-05-24,03,3,3,3,3,2,2,3,2,2,2,3,2,3,2,3,3
2017-05-24,04,3,3,2,2,2,2,3,2,2,2,2,2,3,2,3,2
2017-05-24,05,2,3,2,2,2,2,3,2,2,2,2,2,,2,3,2
2017-05-24,06,2,3,2,2,2,2,2,2,2,2,2,2,2,2,2,2
2017-05-24,07,2,3,2,2,2,2,2,2,2,2,2,2,2,3,2,2
2017-05-24,08,2,3,2,2,2,2,2,2,2,2,2,2,2,3,2,2
2017-05-24,09,2,3,2,2,3,2,2,2,2,2,2,2,2,3,3,2
2017-05-24,10,2,3,3,2,3,2,2,2,2,2,2,2,2,4,3,3
2017-05-24,11,3,3,3,2,3,2,2,2,2,2,2,2,2,4,4,3
2017-05-24,12,3,2,3,2,3,3,2,2,2,3,2,2,2,4,4,3
2017-05-24,13,3,3,3,3,3,3,3,2,2,3,2,2,2,4,4,3
2017-05-24,14,3,3,3,3,3,3,3,2,2,3,3,3,,4,4,3
2017-05-24,15,3,3,3,3,3,3,3,3,3,3,3,3,,4,4,4
2017-05-24,16,3,3,3,3,3,3,3,3,3,3,3,3,3,4,4,4
2017-05-24,17,3,3,3,3,3,3,3,2,3,3,3,3,3,4,4,3
2017-05-24,18,3,3,3,3,3,3,3,3,3,3,3,3,3,5,4,3
2017-05-24,19,3,3,3,3,4,3,3,3,3,3,3,3,3,5,4,4
2017-05-24,20,3,4,4,3,4,3,3,3,3,4,3,3,3,5,4,4
2017-05-24,21,4,4,4,3,4,4,4,3,3,4,3,3,3,5,4,4
2017-05-24,22,4,4,4,3,4,3,4,3,3,4,3,3,3,5,4,4
2017-05-24,23,4,4,3,3,3,3,3,3,3,3,3,3,3,5,4,4
2017-05-24,24,3,3,3,2,3,3,3,3,3,3,3,3,3,4,4,3
2017-05-25,01,3,3,3,2,2,2,3,3,2,3,2,3,3,3,3,3
2017-05-25,02,3,3,3,2,2,2,3,3,2,3,2,2,3,3,3,2
2017-05-25,03,3,3,3,2,3,2,3,3,2,3,2,3,3,3,3,2
2017-05-25,04,3,3,3,3,3,2,3,3,2,2,2,3,3,3,3,2
2017-05-25,05,3,3,2,3,3,3,3,3,2,3,3,3,3,3,3,2
2017-05-25,06,3,3,2,3,3,3,2,3,2,3,3,3,3,2,2,2
2017-05-25,07,3,3,3,3,3,3,3,3,2,3,3,3,3,3,3,3
2017-05-25,08,3,3,3,3,3,3,3,3,2,3,3,3,3,3,3,3
2017-05-25,09,3,3,3,3,3,3,3,3,3,3,3,3,3,4,3,3
2017-05-25,10,3,3,3,3,3,3,3,3,3,3,3,3,3,4,4,3
2017-05-25,11,4,4,3,3,4,3,4,4,3,4,4,3,4,4,4,3
2017-05-25,12,4,4,4,4,4,4,4,4,4,4,4,4,4,5,4,4
2017-05-25,13,4,4,4,4,4,4,4,5,5,5,5,4,4,5,4,4
2017-05-25,14,4,4,3,4,5,5,4,6,6,6,5,4,5,4,4,4
2017-05-25,15,4,4,3,4,5,5,4,6,7,7,4,4,5,4,4,4
2017-05-25,16,4,4,3,4,5,5,4,7,7,7,4,4,4,4,4,4
2017-05-25,17,4,4,4,4,5,5,4,7,7,7,4,4,4,4,4,4
2017-05-25,18,4,4,4,4,5,5,4,6,6,7,4,4,4,4,4,5
2017-05-25,19,5,4,4,4,5,5,4,5,5,6,4,4,4,5,4,5
2017-05-25,20,5,4,4,4,4,4,4,4,4,5,4,4,4,4,4,4
2017-05-25,21,4,4,4,4,4,4,4,4,4,4,4,4,4,4,4,4
2017-05-25,22,4,4,4,4,4,4,4,4,4,3,4,4,3,4,4,4
2017-05-25,23,4,4,3,4,4,4,4,4,4,3,3,4,2,4,4,4
2017-05-25,24,4,4,3,3,4,3,4,4,4,3,3,3,2,4,4,4
2017-05-26,01,3,3,3,3,3,3,3,3,4,3,3,3,2,3,3,3
2017-05-26,02,3,3,3,3,3,3,3,3,3,3,3,3,2,3,3,3
2017-05-26,03,3,3,3,3,3,3,3,3,3,3,2,3,2,3,3,3
2017-05-26,04,3,3,3,3,3,3,3,3,3,3,2,2,1,3,3,3
2017-05-26,05,3,3,3,3,3,3,3,3,3,2,2,2,2,3,3,3
2017-05-26,06,3,3,3,3,3,3,3,3,3,2,2,2,2,3,3,3
2017-05-26,07,3,3,3,3,3,3,2,3,3,2,2,2,3,3,3,3
2017-05-26,08,3,3,3,3,3,3,3,3,3,2,3,3,3,3,3,3
2017-05-26,09,3,3,3,3,3,3,3,4,4,3,3,3,3,4,3,3
2017-05-26,10,3,3,3,3,4,3,3,4,4,3,3,3,3,4,4,3
2017-05-26,11,4,4,3,3,4,4,4,4,4,4,4,4,3,4,4,4
2017-05-26,12,4,4,4,4,4,4,4,4,4,4,4,4,4,4,4,4
2017-05-26,13,4,4,4,4,4,4,4,4,4,4,4,4,4,4,4,4
2017-05-26,14,4,4,4,4,4,4,4,4,4,4,5,4,4,4,4,4
2017-05-26,15,4,4,4,4,5,5,4,5,4,4,5,4,4,4,4,5
2017-05-26,16,5,5,4,4,5,5,4,5,5,4,5,4,4,5,4,5
2017-05-26,17,5,5,4,4,4,4,5,5,5,4,4,4,4,5,5,5
2017-05-26,18,5,5,4,5,4,4,4,4,5,4,4,4,4,5,5,5
2017-05-26,19,5,5,5,5,5,5,4,4,4,4,4,4,3,5,5,5
2017-05-26,20,5,5,5,4,5,5,4,4,4,4,4,4,3,6,5,5
2017-05-26,21,5,5,4,4,5,5,4,4,4,4,4,4,3,6,4,5
2017-05-26,22,5,4,4,4,4,4,4,4,4,3,4,4,3,5,4,4
2017-05-26,23,4,4,4,4,4,4,4,4,4,3,3,4,2,5,4,4
2017-05-26,24,4,4,4,4,4,4,3,4,4,3,3,3,2,5,4,4
2017-05-27,01,4,4,3,3,3,3,3,4,3,3,3,3,2,4,4,3
2017-05-27,02,4,3,3,3,3,3,3,3,3,3,3,3,2,4,3,3
2017-05-27,03,3,3,3,3,3,3,3,3,3,2,3,3,2,3,3,3
2017-05-27,04,3,3,3,3,3,3,3,3,3,2,2,2,2,3,3,3
2017-05-27,05,4,4,3,3,3,3,3,3,3,3,2,2,2,3,3,3
2017-05-27,06,4,4,4,4,3,3,3,3,3,3,2,2,2,4,4,4
2017-05-27,07,5,5,4,4,4,4,3,3,3,4,2,2,2,4,4,4
2017-05-27,08,5,5,5,4,4,4,4,3,3,4,2,3,2,5,5,4
2017-05-27,09,5,5,5,4,4,4,4,3,3,3,3,3,3,5,5,4
2017-05-27,10,5,5,5,4,4,4,4,4,3,3,3,4,3,5,5,4
2017-05-27,11,5,5,4,4,4,4,4,4,4,4,4,4,3,5,5,4
2017-05-27,12,5,5,5,4,5,5,5,5,5,4,5,5,4,5,5,4
2017-05-27,13,5,5,5,5,5,5,5,5,5,5,5,5,5,5,5,5
2017-05-27,14,5,5,5,5,5,5,5,5,5,5,5,5,5,5,5,5
2017-05-27,15,5,5,5,5,5,5,5,5,5,5,5,5,5,5,5,5
2017-05-27,16,5,5,5,5,5,5,5,6,5,5,5,5,5,6,5,6
2017-05-27,17,5,5,5,5,6,5,5,6,6,5,5,5,5,6,5,6
2017-05-27,18,5,5,5,5,6,5,5,6,6,6,5,5,5,6,5,6
2017-05-27,19,5,5,5,5,5,5,6,6,6,5,5,5,6,6,5,6
2017-05-27,20,6,6,5,5,5,5,6,5,5,5,5,5,6,6,5,6
2017-05-27,21,6,6,6,6,6,5,6,5,5,5,6,6,6,6,6,6
2017-05-27,22,6,6,6,6,6,6,6,5,5,5,6,6,6,6,6,6
2017-05-27,23,6,6,6,6,6,6,6,6,5,6,6,6,6,6,6,6
2017-05-27,24,6,6,6,6,6,6,6,6,6,6,6,6,6,6,6,6
2017-05-28,01,6,6,6,6,6,6,6,6,6,6,6,6,6,6,6,6
2017-05-28,02,6,6,5,5,6,5,6,6,6,6,6,6,6,6,6,5
2017-05-28,03,5,5,5,5,5,5,5,5,5,5,5,5,5,5,5,5
2017-05-28,04,5,5,5,5,5,5,5,5,5,5,5,5,5,5,5,5
2017-05-28,05,5,5,5,5,5,5,5,5,5,5,5,5,5,5,5,5
2017-05-28,06,5,5,5,5,5,5,5,5,5,5,5,5,5,5,5,5
2017-05-28,07,5,5,5,5,5,5,5,5,5,5,5,5,4,5,5,5
2017-05-28,08,6,5,5,5,5,5,5,5,5,5,5,5,4,5,5,5
2017-05-28,09,6,6,5,6,6,5,6,5,5,6,5,5,5,6,6,6
2017-05-28,10,6,6,6,6,6,6,6,5,5,6,6,6,5,6,6,6
2017-05-28,11,7,6,6,7,7,6,6,6,6,7,6,6,6,7,6,6
2017-05-28,12,7,7,6,7,6,6,7,7,7,7,7,7,7,7,7,7
2017-05-28,13,7,7,7,7,6,6,7,8,7,7,7,7,7,7,7,7
2017-05-28,14,8,7,7,7,7,6,7,8,8,8,8,7,8,7,7,7
2017-05-28,15,8,7,7,7,7,7,8,8,8,8,8,7,8,7,7,7
2017-05-28,16,8,7,7,7,8,7,8,8,9,8,8,8,8,7,7,7
2017-05-28,17,8,8,7,7,8,8,8,8,8,8,8,8,8,8,8,8
2017-05-28,18,8,8,7,7,8,8,8,8,8,8,8,8,8,8,8,8
2017-05-28,19,8,8,7,7,8,8,8,8,8,7,8,8,8,7,8,7
2017-05-28,20,8,7,7,7,7,7,7,7,7,7,8,7,7,7,7,7
2017-05-28,21,7,7,6,7,7,7,7,7,7,6,7,7,7,7,7,7
2017-05-28,22,7,6,6,6,7,7,6,7,6,6,6,6,6,6,6,6
2017-05-28,23,6,6,5,6,6,6,6,6,6,6,6,6,6,6,6,6
2017-05-28,24,6,5,5,5,6,6,5,6,6,6,6,6,5,5,5,5
2017-05-29,01,5,5,4,5,5,5,5,6,6,5,5,5,5,5,5,5
2017-05-29,02,5,5,4,4,5,5,5,5,5,5,5,5,5,4,5,4
2017-05-29,03,5,4,4,4,5,5,4,5,5,5,5,5,5,4,4,4
2017-05-29,04,5,4,4,4,5,5,4,5,5,5,5,5,5,4,4,4
2017-05-29,05,5,4,4,4,5,5,4,5,5,5,5,5,5,4,4,4
2017-05-29,06,5,4,4,4,5,5,4,5,5,5,5,5,5,4,4,4
2017-05-29,07,4,4,4,4,4,4,4,4,5,5,4,4,4,4,4,4
2017-05-29,08,4,4,4,4,4,4,4,4,4,5,4,4,4,5,4,4
2017-05-29,09,4,4,4,4,4,4,4,4,4,4,4,4,4,5,4,4
2017-05-29,10,4,4,4,4,4,4,4,4,4,4,4,4,4,5,4,4
2017-05-29,11,4,4,4,4,5,4,4,4,5,4,5,4,4,5,5,5
2017-05-29,12,5,5,4,5,5,5,5,5,5,5,5,5,5,5,5,5
2017-05-29,13,5,5,4,5,5,5,5,5,5,5,5,5,5,5,5,5
2017-05-29,14,5,5,4,5,5,5,5,6,5,5,6,5,5,5,5,5
2017-05-29,15,5,5,5,5,5,5,5,6,6,6,6,5,5,5,5,5
2017-05-29,16,5,5,5,5,6,6,5,6,6,6,6,5,5,5,5,5
2017-05-29,17,5,5,5,5,5,6,5,6,6,6,6,5,5,5,5,5
2017-05-29,18,5,5,5,5,5,6,5,5,5,5,6,5,5,5,5,5
2017-05-29,19,5,5,4,5,5,6,5,5,5,5,5,5,5,5,5,5
2017-05-29,20,5,5,4,4,5,5,5,5,5,5,5,5,5,5,5,5
2017-05-29,21,5,5,4,4,5,5,4,5,5,5,5,4,5,5,5,5
2017-05-29,22,4,4,4,4,4,4,4,4,4,4,4,4,5,4,4,4
2017-05-29,23,4,4,4,4,4,4,4,4,4,4,4,4,4,4,4,4
2017-05-29,24,4,4,4,4,4,4,4,4,4,4,4,4,4,4,4,4
2017-05-30,01,4,4,4,4,4,4,4,4,4,4,4,4,4,4,4,4
2017-05-30,02,4,4,4,4,4,4,4,4,4,4,4,4,4,4,4,4
2017-05-30,03,4,4,4,4,4,4,4,4,4,4,4,4,4,4,4,4
2017-05-30,04,4,4,4,4,4,4,4,4,4,4,4,4,4,4,4,3
2017-05-30,05,4,4,3,3,4,4,4,4,4,4,4,4,3,4,4,3
2017-05-30,06,4,4,3,3,4,3,4,3,3,4,4,4,3,3,4,3
2017-05-30,07,4,4,3,3,3,3,4,3,3,4,4,3,3,3,3,3
2017-05-30,08,4,4,3,3,3,3,3,3,3,4,3,3,3,3,3,3
2017-05-30,09,3,3,3,3,3,3,3,3,3,3,3,3,3,3,3,3
2017-05-30,10,3,3,3,3,3,3,3,3,3,3,3,3,3,4,3,3
2017-05-30,11,3,3,3,3,3,3,3,3,3,3,3,3,3,4,3,3
2017-05-30,12,4,4,3,3,3,3,3,3,3,4,3,3,3,4,3,3
2017-05-30,13,4,4,3,3,3,3,4,3,4,4,4,3,4,4,3,4
2017-05-30,14,4,4,3,4,4,4,4,4,4,4,4,3,4,4,4,4
2017-05-30,15,4,4,3,4,4,4,4,4,4,4,3,4,4,4,4,4
2017-05-30,16,4,4,3,4,4,4,4,4,4,4,3,4,4,4,4,4
2017-05-30,17,4,4,4,4,4,4,4,4,4,4,4,4,4,4,4,4
2017-05-30,18,4,4,4,4,4,4,4,4,4,4,4,4,4,4,4,4
2017-05-30,19,4,4,4,4,4,4,4,4,4,4,4,4,4,4,4,4
2017-05-30,20,4,4,4,4,4,4,4,4,4,4,4,3,4,4,4,4
2017-05-30,21,4,4,4,4,4,4,4,4,4,3,4,3,4,4,4,4
2017-05-30,22,4,4,4,3,3,3,4,3,3,3,4,3,3,5,4,4
2017-05-30,23,3,4,3,3,3,3,3,3,3,2,3,3,3,4,4,4
2017-05-30,24,3,4,3,3,3,3,3,3,3,2,3,3,3,4,3,3
2017-05-31,01,3,4,3,3,3,3,3,3,3,2,3,3,3,4,3,3
2017-05-31,02,3,3,3,3,3,3,3,3,3,2,3,3,2,3,3,3
2017-05-31,03,3,3,2,3,3,2,3,3,3,2,3,2,2,3,3,3
2017-05-31,04,3,3,2,2,2,2,3,3,3,2,3,2,2,3,3,2
2017-05-31,05,3,3,2,2,2,2,2,2,3,2,2,2,2,2,2,2
2017-05-31,06,3,3,2,3,2,2,2,2,2,2,2,2,2,2,2,2
2017-05-31,07,2,2,2,3,3,2,2,2,2,2,2,2,2,3,2,3
2017-05-31,08,3,2,3,2,3,2,2,2,2,2,2,2,2,3,3,3
2017-05-31,09,3,3,3,2,3,2,2,2,2,2,2,2,2,4,3,3
2017-05-31,10,3,3,3,3,3,3,2,2,3,2,2,2,2,4,4,3
2017-05-31,11,3,3,3,3,3,3,3,3,3,3,3,3,3,4,4,3
2017-05-31,12,3,3,3,3,3,3,3,3,3,3,3,3,3,4,4,3
2017-05-31,13,3,3,3,3,3,3,3,3,3,3,3,3,3,4,3,3
2017-05-31,14,3,3,3,3,4,3,3,3,4,3,3,3,3,5,3,4
2017-05-31,15,3,3,3,3,4,4,3,4,5,4,4,3,3,5,3,3
2017-05-31,16,3,3,3,3,3,4,3,4,5,4,4,3,3,4,3,3
2017-05-31,17,3,3,3,3,3,4,3,4,5,4,4,3,3,4,3,3
2017-05-31,18,3,3,3,3,3,3,3,3,4,3,4,3,3,3,3,3
2017-05-31,19,3,3,3,2,3,3,3,3,3,3,3,3,3,3,3,3
2017-05-31,20,2,3,3,2,3,3,3,2,3,2,3,2,3,4,3,3
2017-05-31,21,2,3,3,2,3,2,2,2,3,2,2,2,2,4,3,3
2017-05-31,22,2,2,2,2,3,2,2,2,2,2,2,2,2,4,3,2
2017-05-31,23,2,2,2,2,2,2,2,2,2,2,2,2,2,3,2,3
2017-05-31,24,2,2,2,2,2,2,2,2,2,2,2,2,2,2,2,2
